{"cameraMode":{"drawMode":0,"name":"Shaded","section":"Shading Mode"},"sceneLighting":false,"audioPlay":false,"sceneViewState":{"showFog":true,"showMaterialUpdate":false,"showSkybox":true,"showFlares":true,"showImageEffects":true,"showParticleSystems":true},"in2DMode":false,"pivot":{"x":1.126227855682373,"y":2.938828468322754,"z":1.3213762044906617},"rotation":{"x":0.10209842026233673,"y":-0.02536814659833908,"z":0.0026033171452581884,"w":0.9944474101066589},"size":1.175680160522461,"orthographic":false}